Source,Location ID,City,State,Country,Latitude,Longitude,Time Zone,Elevation,Local Time Zone,Clearsky DHI Units,Clearsky DNI Units,Clearsky GHI Units,Dew Point Units,DHI Units,DNI Units,GHI Units,Solar Zenith Angle Units,Temperature Units,Pressure Units,Relative Humidity Units,Precipitable Water Units,Wind Direction Units,Wind Speed,Snow Depth Units,Cloud Type -1,Cloud Type 0,Cloud Type 1,Cloud Type 2,Cloud Type 3,Cloud Type 4,Cloud Type 5,Cloud Type 6,Cloud Type 7,Cloud Type 8,Cloud Type 9,Cloud Type 10,Cloud Type 11,Cloud Type 12,Fill Flag 0,Fill Flag 1,Fill Flag 2,Fill Flag 3,Fill Flag 4,Fill Flag 5,Version
NSRDB,26958,-,-,-,19.61,-155.5,-10,2318,-10,w/m2,w/m2,w/m2,c,w/m2,w/m2,w/m2,Degree,c,mbar,%,mm,Degrees,m/s,m,N/A,Clear,Probably Clear,Fog,Water,Super-Cooled Water,Mixed,Opaque Ice,Cirrus,Overlapping,Overshooting,Unknown,Dust,Smoke,N/A,Missing Image,Low Irradiance,Exceeds Clearsky,Missing CLoud Properties,Rayleigh Violation,v2.0.1
,,,,,,,,,,,,,,,,,,,,,,,,,,,,,,,,,,,,,,,,,,,,,
,,,,,,,,,,,,,,,,,,,,,,,,Min efficiency,0.08,Mean efficiency,0.1,max efficiency,0.12,,Solar panel area (m^2),72,,,,,,,,,,,,,
,,,,,,,,,,,,,,,,,,,,,,,,,,,,,,,,,,,,,,,,,,,,,
Year,Month,Day,Hour,Minute,DHI,DNI,GHI,Clearsky DHI,Clearsky DNI,Clearsky GHI,Cloud Type,Dew Point,Temperature,Pressure,Relative Humidity,Solar Zenith Angle,Precipitable Water,Wind Direction,Wind Speed,Fill Flag,INPUT,Min Instantaneous Power (W),Mean Instantaneous Power (W),Max Instantaneous Power (W),,,,,,,,,,,,,,,,,,,,,
2015,4,23,0,0,0,0,0,0,0,0,1,13.17351685,18.95928345,934.5161743,91.62311554,147.5063469,14.86164951,111.4144669,2.743129492,0,0,0,0,0,,,,,,,,,,,,,,,,,,,,,
2015,4,23,0,30,0,0,0,0,0,0,1,13.27825317,18.97078857,934.3011475,91.75413513,147.8036994,14.94826603,111.4144669,2.729991198,0,0,0,0,0,,,,,,,,,,,,,,,,,,,,,
2015,4,23,1,0,0,0,0,0,0,0,3,13.38262329,18.9822937,934.0860596,91.88478851,146.4369867,15.03488255,111.4936676,2.716852903,0,0,0,0,0,,,,,,,,,,,,,,,,,,,,,
2015,4,23,1,30,0,0,0,0,0,0,1,13.28234253,18.97258911,933.821106,91.75749207,143.593353,15.11692429,111.4936676,2.747834682,0,0,0,0,0,,,,,,,,,,,,,,,,,,,,,
2015,4,23,2,0,0,0,0,0,0,0,1,13.18200073,18.96288452,933.5561523,91.63008118,139.5837643,15.19896507,110.3006287,2.778816223,0,0,0,0,0,,,,,,,,,,,,,,,,,,,,,
2015,4,23,2,30,0,0,0,0,0,0,1,13.16668091,18.931604,933.5042725,91.65149689,134.7174718,15.27661037,110.3006287,2.814461231,0,0,0,0,0,,,,,,,,,,,,,,,,,,,,,
2015,4,23,3,0,0,0,0,0,0,0,1,13.15117798,18.900354,933.4524536,91.67253876,129.2409998,15.35425663,108.051796,2.850106239,0,0,0,0,0,,,,,,,,,,,,,,,,,,,,,
2015,4,23,3,30,0,0,0,0,0,0,1,13.031427,18.8741394,933.322998,91.54095459,123.3318271,15.37977219,108.051796,2.895134687,0,0,0,0,0,,,,,,,,,,,,,,,,,,,,,
2015,4,23,4,0,0,0,0,0,0,0,1,12.9114624,18.8479248,933.1934814,91.40885925,117.1127858,15.4052887,105.7612152,2.940163136,0,0,0,0,0,,,,,,,,,,,,,,,,,,,,,
2015,4,23,4,30,0,0,0,0,0,0,1,12.77694092,18.85796509,933.3790283,91.20716095,110.6683182,15.41017056,105.7612152,2.919636726,0,0,0,0,0,,,,,,,,,,,,,,,,,,,,,
2015,4,23,5,0,0,0,0,0,0,0,1,12.6423584,18.86800537,933.5645142,91.00563812,104.0570487,15.41505146,106.0901566,2.899110079,0,0,0,0,0,,,,,,,,,,,,,,,,,,,,,
2015,4,23,5,30,0,0,0,0,0,0,3,12.33428345,18.97335205,933.8048096,90.43431854,97.32041872,15.44775772,106.0901566,2.840322971,0,0,0,0,0,,,,,,,,,,,,,,,,,,,,,
2015,4,23,6,0,0,0,0,0,0,0,3,12.02684937,19.07869873,934.0450439,89.86708832,90.48339337,15.48046398,107.8260193,2.781535625,0,0,0,0,0,,,,,,,,,,,,,,,,,,,,,
2015,4,23,6,30,35,353,74,35,353,74,0,10.86379395,19.40026245,934.2648926,87.8500824,83.58203047,15.55626011,107.8260193,2.815634727,0,25416,2033.28,2541.6,3049.92,,,,,,,,,,,,,,,,,,,,,
2015,4,23,7,0,87,80,106,55,573,188,3,9.708062744,19.72185669,934.4847412,85.88173676,76.62127514,15.63205624,109.5964203,2.849733591,0,5760,460.8,576,691.2,,,,,,,,,,,,,,,,,,,,,
2015,4,23,7,30,69,700,313,69,700,313,0,8.558190918,20.45110474,934.6800537,83.45121765,69.61755456,15.68317127,109.5964203,2.957980633,0,50400,4032,5040,6048,,,,,,,,,,,,,,,,,,,,,
2015,4,23,8,0,132,544,383,79,782,439,7,7.411981201,21.1803833,934.8753052,81.08982849,62.58251943,15.73428535,111.1363297,3.066227913,0,39168,3133.44,3916.8,4700.16,,,,,,,,,,,,,,,,,,,,,
2015,4,23,8,30,173,546,483,87,838,562,3,6.32366333,21.7257019,934.925415,79.07827759,55.52657993,15.86296082,111.1363297,3.044247866,0,39312,3144.96,3931.2,4717.44,,,,,,,,,,,,,,,,,,,,,
2015,4,23,9,0,208,577,591,93,878,676,7,5.243798828,22.27102051,934.9755249,77.12253571,48.46030721,15.99163723,111.5072937,3.022267818,0,41544,3323.52,4154.4,4985.28,,,,,,,,,,,,,,,,,,,,,
2015,4,23,9,30,264,551,678,98,908,779,7,4.504449463,22.71190796,934.947937,75.73368073,41.3962621,16.21650124,111.5072937,2.944547176,0,39672,3173.76,3967.2,4760.64,,,,,,,,,,,,,,,,,,,,,
2015,4,23,10,0,291,564,757,102,930,870,-15,3.767755127,23.15282593,934.9203491,74.37115479,34.35243796,16.4413662,110.4065399,2.866826773,1,40608,3248.64,4060.8,4872.96,,,,,,,,,,,,,,,,,,,,,
2015,4,23,10,30,105,945,945,105,945,945,0,3.108758545,23.49019775,934.8031006,73.23319244,27.36041978,16.66644287,110.4065399,2.834671974,0,68040,5443.2,6804,8164.8,,,,,,,,,,,,,,,,,,,,,
2015,4,23,11,0,107,957,1004,107,957,1004,2,2.452752686,23.82756958,934.6858521,72.11462402,20.48928059,16.89152145,108.7928925,2.802516937,4,68904,5512.32,6890.4,8268.48,,,,,,,,,,,,,,,,,,,,,
2015,4,23,11,30,451,420,860,109,964,1045,7,1.954797363,24.22713623,934.2763062,71.12608337,13.93593506,16.887146,108.7928925,2.843818188,0,30240,2419.2,3024,3628.8,,,,,,,,,,,,,,,,,,,,,
2015,4,23,12,0,464,407,866,110,968,1068,8,1.455010986,24.6267334,933.8667603,70.14855957,8.490869297,16.88277054,108.9660187,2.885119438,0,29304,2344.32,2930.4,3516.48,,,,,,,,,,,,,,,,,,,,,
2015,4,23,12,30,467,407,871,110,969,1071,7,0.432611084,24.71538696,933.5791016,68.91963959,7.322537721,16.91508293,108.9660187,2.931794167,0,29304,2344.32,2930.4,3516.48,,,,,,,,,,,,,,,,,,,,,
2015,4,23,13,0,455,387,835,109,966,1055,7,-0.594396973,24.80404053,933.2913818,67.70278168,11.7812993,16.94739532,110.9346008,2.978469133,0,27864,2229.12,2786.4,3343.68,,,,,,,,,,,,,,,,,,,,,
2015,4,23,13,30,432,416,828,108,960,1020,7,-1.162084961,24.7885376,933.0187378,67.10089111,18.09718682,16.96022415,110.9346008,2.996489048,0,29952,2396.16,2995.2,3594.24,,,,,,,,,,,,,,,,,,,,,
2015,4,23,14,0,467,219,666,106,949,967,7,-1.733984375,24.77303467,932.7460938,66.49838257,24.88928783,16.97305298,113.7008133,3.014508724,0,15768,1261.44,1576.8,1892.16,,,,,,,,,,,,,,,,,,,,,
2015,4,23,14,30,358,434,727,103,935,897,7,-2.112799072,24.56072388,932.5917358,66.29749298,31.84770136,16.96411133,113.7008133,2.993283987,0,31248,2499.84,3124.8,3749.76,,,,,,,,,,,,,,,,,,,,,
2015,4,23,15,0,369,294,598,99,915,812,7,-2.504309082,24.34838257,932.4373779,66.08302307,38.87543398,16.95517159,116.8279419,2.97205925,0,21168,1693.44,2116.8,2540.16,,,,,,,,,,,,,,,,,,,,,
2015,4,23,15,30,226,574,626,95,888,713,7,-2.299749756,23.82824097,932.458252,66.81076813,45.93179572,16.91895103,116.8279419,2.919115543,0,41328,3306.24,4132.8,4959.36,,,,,,,,,,,,,,,,,,,,,
2015,4,23,16,0,89,851,602,89,851,602,1,-2.113195801,23.30809937,932.4790649,67.52760315,52.99526064,16.88272858,120.7738876,2.866171837,0,61272,4901.76,6127.2,7352.64,,,,,,,,,,,,,,,,,,,,,
2015,4,23,16,30,211,256,339,82,801,482,3,-0.983953857,22.58922729,932.7637329,69.50475311,60.0517967,16.82289124,120.7738876,2.798674107,0,18432,1474.56,1843.2,2211.84,,,,,,,,,,,,,,,,,,,,,
2015,4,23,17,0,144,329,272,73,730,357,7,0.150018311,21.87035522,933.0484009,71.54141998,67.090291,16.76305389,120.8836975,2.731176376,0,23688,1895.04,2368.8,2842.56,,,,,,,,,,,,,,,,,,,,,
2015,4,23,17,30,61,622,231,61,622,231,1,3.123803711,21.00820313,933.2466431,75.98686218,74.10032247,16.91292381,120.8836975,2.617057323,0,44784,3582.72,4478.4,5374.08,,,,,,,,,,,,,,,,,,,,,
2015,4,23,18,0,53,185,82,43,445,112,3,6.148309326,20.14608154,933.4448853,80.73230743,81.07070793,17.06279373,117.8931122,2.502938032,0,13320,1065.6,1332,1598.4,,,,,,,,,,,,,,,,,,,,,
2015,4,23,18,30,14,0,14,15,121,20,4,7.861810303,19.93337402,933.7064819,83.1896286,87.98755954,17.29527664,117.8931122,2.506472588,4,0,0,0,0,,,,,,,,,,,,,,,,,,,,,
2015,4,23,19,0,0,0,0,0,0,0,4,9.570947266,19.7206665,933.9680786,85.7009964,94.84046195,17.52776146,114.4294434,2.510006905,0,0,0,0,0,,,,,,,,,,,,,,,,,,,,,
2015,4,23,19,30,0,0,0,0,0,0,7,10.25493774,19.6899353,934.1341553,86.65284729,101.602275,17.70249939,114.4294434,2.452962637,0,0,0,0,0,,,,,,,,,,,,,,,,,,,,,
2015,4,23,20,0,0,0,0,0,0,0,7,10.93575439,19.65923462,934.300293,87.60836029,108.2482585,17.87723541,110.9337387,2.395918369,0,0,0,0,0,,,,,,,,,,,,,,,,,,,,,
2015,4,23,20,30,0,0,0,0,0,0,7,11.23647461,19.64147339,934.5541992,88.03859711,114.7410832,18.03070068,110.9337387,2.412960529,0,0,0,0,0,,,,,,,,,,,,,,,,,,,,,
2015,4,23,21,0,0,0,0,0,0,0,4,11.53676758,19.62371216,934.8081055,88.46987152,121.0284304,18.18416595,107.6584473,2.430002689,0,0,0,0,0,,,,,,,,,,,,,,,,,,,,,
2015,4,23,21,30,0,0,0,0,0,0,7,11.71975098,19.50716553,935.0145264,88.8734436,127.0355493,18.32358551,107.6584473,2.451992512,0,0,0,0,0,,,,,,,,,,,,,,,,,,,,,
2015,4,23,22,0,0,0,0,0,0,0,7,11.90255127,19.3906189,935.2208862,89.27867126,132.6542951,18.46300507,105.4966812,2.473982096,0,0,0,0,0,,,,,,,,,,,,,,,,,,,,,
2015,4,23,22,30,0,0,0,0,0,0,7,12.44411621,19.28554688,935.0736084,90.16503906,137.7283164,18.58466911,105.4966812,2.510392189,0,0,0,0,0,,,,,,,,,,,,,,,,,,,,,
2015,4,23,23,0,0,0,0,0,0,0,7,12.98619995,19.18050537,934.9263306,91.05940247,142.0375354,18.70633316,105.5732422,2.546802521,0,0,0,0,0,,,,,,,,,,,,,,,,,,,,,
2015,4,23,23,30,0,0,0,0,0,0,7,12.93538818,19.24120483,934.6895752,90.90615082,145.2950657,18.63126755,105.5732422,2.635179043,0,0,0,0,0,,,,,,,,,,,,,,,,,,,,,
,,,,,2.866,5.809,6.8755,1.071,9.974,8.151,7,,18.8479248,933.9532318,81.73515781,,16.56627206,111.1020438,2.775814538,,418.248,33.45984,41.8248,50.18976,,,,,,,,,,,,,,,,,,,,,
,,,,,,,,,,,,,24.80404053,,,,,,,,,MIN POWER  (kWh / day),MEAN POWER  (kWh / day),MAX POWER  (kWh / day),,,,,,,,,,,,,,,,,,,,,
,,,,,,,,,,,,,,,,,,,,,,,,,,,,,,,,,,,,,,,,,,,,,
,,,,,,,,,,,,,,,,,,,,,,,,,,,,,,,,,,,,,,,,,,,,,
,,,,,,,,,,,,,,,,,,,,,,,,,,,,,,,,,,,,,,,,,,,,,
,,,,,,,,,,,,,,,,,,,,,,,,,,,,,,,,,,,,,,,,,,,,,
Year,Month,Day,Hour,Minute,DHI,DNI,GHI,Clearsky DHI,Clearsky DNI,Clearsky GHI,Cloud Type,Dew Point,Temperature,Pressure,Relative Humidity,Solar Zenith Angle,Precipitable Water,Wind Direction,Wind Speed,Fill Flag,,,,,,,,,,,,,,,,,,,,,,,,,
2015,4,24,0,0,0,0,0,0,0,0,3,12.88433228,19.3019043,934.4528809,90.75285339,147.1856206,18.55620384,107.7289581,2.723555803,0,,0,0,0,,,,,,,,,,,,,,,,,,,,,
2015,4,24,0,30,0,0,0,0,0,0,4,12.72310791,19.32247314,934.138916,90.50131226,147.4696943,18.42590141,107.7289581,2.766664982,0,,0,0,0,,,,,,,,,,,,,,,,,,,,,
2015,4,24,1,0,0,0,0,0,0,0,4,12.56170044,19.34307251,933.8248901,90.25019073,146.1068449,18.29559898,109.4879227,2.809774399,0,,0,0,0,,,,,,,,,,,,,,,,,,,,,
2015,4,24,1,30,0,0,0,0,0,0,3,12.48046265,19.2907959,933.6383667,90.20820618,143.2802047,18.11013603,109.4879227,2.804964542,0,,0,0,0,,,,,,,,,,,,,,,,,,,,,
2015,4,24,2,0,0,0,0,0,0,0,4,12.39833984,19.2385498,933.4518433,90.1651001,139.2939841,17.92467117,110.3236847,2.800154924,0,,0,0,0,,,,,,,,,,,,,,,,,,,,,
2015,4,24,2,30,0,0,0,0,0,0,7,12.47283325,19.15929565,933.2269897,90.37510681,134.4521865,17.70681,110.3236847,2.757947922,0,,0,0,0,,,,,,,,,,,,,,,,,,,,,
2015,4,24,3,0,0,0,0,0,0,0,7,12.54717407,19.08007202,933.0021362,90.585289,128.9986034,17.48894882,109.5489349,2.715740681,0,,0,0,0,,,,,,,,,,,,,,,,,,,,,
2015,4,24,3,30,0,0,0,0,0,0,4,12.60521851,19.01345215,933.1010132,90.75624847,123.1097254,17.23888016,109.5489349,2.719040871,0,,0,0,0,,,,,,,,,,,,,,,,,,,,,
2015,4,24,4,0,0,0,0,0,0,0,7,12.66317139,18.94680176,933.1998901,90.92739868,116.9082654,16.98881149,107.301712,2.722341061,0,,0,0,0,,,,,,,,,,,,,,,,,,,,,
2015,4,24,4,30,0,0,0,0,0,0,4,12.54003296,18.88762817,933.2652588,90.83654022,110.4788893,16.72476387,107.301712,2.731014252,0,,0,0,0,,,,,,,,,,,,,,,,,,,,,
2015,4,24,5,0,0,0,0,0,0,0,7,12.41567383,18.82848511,933.3306885,90.74378967,103.8805361,16.46071434,104.4483337,2.739687681,0,,0,0,0,,,,,,,,,,,,,,,,,,,,,
2015,4,24,5,30,0,0,0,0,0,0,4,11.93822632,18.87438354,933.5543213,90.01966095,97.15494857,16.23006058,104.4483337,2.767582893,0,,0,0,0,,,,,,,,,,,,,,,,,,,,,
2015,4,24,6,0,0,0,0,0,0,0,4,11.4598938,18.9203125,933.7779541,89.29869843,90.32757691,15.99940491,102.2690887,2.795478106,0,,0,0,0,,,,,,,,,,,,,,,,,,,,,
2015,4,24,6,30,38,236,66,35,358,76,7,10.15758667,19.16948853,933.9394531,87.19741821,83.43398408,15.78490067,102.2690887,2.841397047,4,,1359.36,1699.2,2039.04,,,,,,,,,,,,,,,,,,,,,
2015,4,24,7,0,67,413,164,56,576,190,8,8.858728027,19.41869507,934.1010132,85.14196014,76.47988306,15.57039642,100.8970261,2.887315989,0,,2378.88,2973.6,3568.32,,,,,,,,,,,,,,,,,,,,,
2015,4,24,7,30,141,176,203,69,703,316,8,7.740563965,20.07988892,934.2355957,82.85134125,69.48156987,15.39393806,100.8970261,2.950994015,0,,1013.76,1267.2,1520.64,,,,,,,,,,,,,,,,,,,,,
2015,4,24,8,0,169,389,349,79,784,442,8,6.627862549,20.74111328,934.3701172,80.625,62.45065749,15.21747971,100.4983215,3.014672279,0,,2240.64,2800.8,3360.96,,,,,,,,,,,,,,,,,,,,,
2015,4,24,8,30,213,429,457,87,841,565,8,5.781915283,21.18435059,934.4708252,79.03969574,55.39742086,15.13576126,100.4983215,3.011250973,0,,2471.04,3088.8,3706.56,,,,,,,,,,,,,,,,,,,,,
2015,4,24,9,0,242,478,560,93,881,680,7,4.94072876,21.62758789,934.5715942,77.48886871,48.33213744,15.05404282,100.0887985,3.007829666,0,,2753.28,3441.6,4129.92,,,,,,,,,,,,,,,,,,,,,
2015,4,24,9,30,279,504,658,98,911,784,8,4.063806152,22.14302979,934.4331055,75.84211731,41.26680352,15.04024029,100.0887985,2.990274906,0,,2903.04,3628.8,4354.56,,,,,,,,,,,,,,,,,,,,,
2015,4,24,10,0,331,488,735,102,934,875,7,3.190667725,22.65844116,934.2946777,74.23252106,34.21833243,15.02643871,99.89228821,2.972720146,0,,2810.88,3513.6,4216.32,,,,,,,,,,,,,,,,,,,,,
2015,4,24,10,30,346,509,799,105,950,950,2,2.553735352,23.29598389,934.2550049,72.79736328,27.21612893,15.09397984,99.89228821,2.917143822,4,,2931.84,3664.8,4397.76,,,,,,,,,,,,,,,,,,,,,
2015,4,24,11,0,421,415,810,108,961,1009,8,1.906976318,23.93355713,934.215271,71.37865448,20.32441794,15.16152096,102.0492554,2.861567497,0,,2390.4,2988,3585.6,,,,,,,,,,,,,,,,,,,,,
2015,4,24,11,30,398,458,843,109,968,1050,2,0.748620605,24.20391235,934.0599976,69.79099274,13.72809459,15.20430088,102.0492554,2.805903435,4,,2638.08,3297.6,3957.12,,,,,,,,,,,,,,,,,,,,,
2015,4,24,12,0,110,972,1073,110,972,1073,0,-0.405126953,24.4742981,933.9047241,68.2382431,8.195204714,15.2470808,106.2001419,2.750239134,0,,5598.72,6998.4,8398.08,,,,,,,,,,,,,,,,,,,,,
2015,4,24,12,30,110,973,1076,110,973,1076,1,-1.356695557,24.60814819,933.6711426,67.06721497,7.024356985,15.3087616,106.2001419,2.712723017,0,,5604.48,7005.6,8406.72,,,,,,,,,,,,,,,,,,,,,
2015,4,24,13,0,109,970,1060,109,970,1060,2,-2.309179687,24.74202881,933.437561,65.91136169,11.61961281,15.37044239,110.2293015,2.6752069,4,,5587.2,6984,8380.8,,,,,,,,,,,,,,,,,,,,,
2015,4,24,13,30,108,963,1025,108,963,1025,0,-3.197912598,24.61730347,933.180481,65.08515167,18.00152292,15.4142828,110.2293015,2.650341988,0,,5546.88,6933.6,8320.32,,,,,,,,,,,,,,,,,,,,,
2015,4,24,14,0,431,347,747,106,953,972,2,-4.10690918,24.49257813,932.9234009,64.24488068,24.82305276,15.45812321,113.739975,2.625477314,0,,1998.72,2498.4,2998.08,,,,,,,,,,,,,,,,,,,,,
2015,4,24,14,30,381,366,693,103,938,901,2,-4.296881104,24.15679321,932.8271484,64.36182404,31.79569183,15.473279,113.739975,2.626366377,4,,2108.16,2635.2,3162.24,,,,,,,,,,,,,,,,,,,,,
2015,4,24,15,0,100,918,815,100,918,815,1,-4.503790283,23.8210083,932.730835,64.46131134,38.83017317,15.48843479,117.0874023,2.62725544,0,,5287.68,6609.6,7931.52,,,,,,,,,,,,,,,,,,,,,
2015,4,24,15,30,95,892,716,95,892,716,2,-4.275946045,23.14165649,932.6766968,65.35169983,45.88900715,15.45619392,117.0874023,2.660161495,4,,5137.92,6422.4,7706.88,,,,,,,,,,,,,,,,,,,,,
2015,4,24,16,0,89,855,605,89,855,605,1,-4.081182861,22.46230469,932.6225586,66.22003174,52.95216941,15.42395306,120.3571091,2.693067789,0,,4924.8,6156,7387.2,,,,,,,,,,,,,,,,,,,,,
2015,4,24,16,30,216,222,327,82,806,485,4,-3.055090332,21.85976563,932.9256592,67.93934631,60.00638766,15.36090183,120.3571091,2.685194731,0,,1278.72,1598.4,1918.08,,,,,,,,,,,,,,,,,,,,,
2015,4,24,17,0,134,388,286,73,735,360,3,-2.023443604,21.25725708,933.2286987,69.70628357,67.04093861,15.29784966,121.9870453,2.677321672,0,,2234.88,2793.6,3352.32,,,,,,,,,,,,,,,,,,,,,
2015,4,24,17,30,98,267,171,61,627,234,4,0.927331543,20.45195923,933.3547363,73.97959137,74.0455824,15.41453075,121.9870453,2.563634396,0,,1537.92,1922.4,2306.88,,,,,,,,,,,,,,,,,,,,,
2015,4,24,18,0,44,450,114,44,450,114,1,3.923181152,19.64666138,933.4807739,78.53141785,81.00918429,15.53121185,122.4633026,2.44994688,0,,2592,3240,3888,,,,,,,,,,,,,,,,,,,,,
2015,4,24,18,30,16,127,20,16,127,20,0,5.876397705,19.45336304,933.7432861,81.22288513,87.91782823,15.73573208,122.4633026,2.428164005,0,,731.52,914.4,1097.28,,,,,,,,,,,,,,,,,,,,,
2015,4,24,19,0,0,0,0,0,0,0,3,7.817193604,19.2600647,934.0057373,83.97117615,94.76086102,15.94025326,122.4341507,2.406380892,0,,0,0,0,,,,,,,,,,,,,,,,,,,,,
2015,4,24,19,30,0,0,0,0,0,0,4,8.688256836,19.21642456,934.2290039,85.17368317,101.511017,16.11925316,122.4341507,2.336650848,0,,0,0,0,,,,,,,,,,,,,,,,,,,,,
2015,4,24,20,0,0,0,0,0,0,0,0,9.554406738,19.17281494,934.4523315,86.38278198,108.1431982,16.29825401,121.5136871,2.266920567,0,,0,0,0,,,,,,,,,,,,,,,,,,,,,
2015,4,24,20,30,0,0,0,0,0,0,0,10.16628418,19.15792236,934.6265869,87.22420502,114.6196522,16.44434547,121.5136871,2.219816208,0,,0,0,0,,,,,,,,,,,,,,,,,,,,,
2015,4,24,21,0,0,0,0,0,0,0,3,10.77477417,19.1430603,934.8007813,88.06738281,120.8875392,16.59043694,119.2374878,2.172711611,0,,0,0,0,,,,,,,,,,,,,,,,,,,,,
2015,4,24,21,30,0,0,0,0,0,0,1,11.11712036,19.14815674,934.9226074,88.52658844,126.8715298,16.72934723,119.2374878,2.169350624,0,,0,0,0,,,,,,,,,,,,,,,,,,,,,
2015,4,24,22,0,0,0,0,0,0,0,3,11.45794067,19.15325317,935.0443726,88.98565674,132.4629871,16.86825752,117.299881,2.165989876,0,,0,0,0,,,,,,,,,,,,,,,,,,,,,
2015,4,24,22,30,0,0,0,0,0,0,3,11.70879517,19.14382324,934.8688965,89.34209442,137.5055265,17.05022812,117.299881,2.217225075,0,,0,0,0,,,,,,,,,,,,,,,,,,,,,
2015,4,24,23,0,0,0,0,0,0,0,4,11.95888672,19.13442383,934.6934814,89.69862366,141.7802793,17.23219872,117.046875,2.268460512,0,,0,0,0,,,,,,,,,,,,,,,,,,,,,
2015,4,24,23,30,0,0,0,0,0,0,3,12.27074585,19.10125122,934.3649902,90.17378998,145.003968,17.22806549,117.046875,2.313858986,0,,0,0,0,,,,,,,,,,,,,,,,,,,,,
,,,,,2.343,6.6025,7.186,1.0735,10.023,8.1965,4,,18.82848511,933.8255895,80.6598657,,16.17323589,111.0054452,2.655780921,,,38.0304,47.538,57.0456,,,,,,,,,,,,,,,,,,,,,
,,,,,,,,,,,,,24.74202881,,,,,,,,,MIN POWER  (kWh / day),MEAN POWER  (kWh / day),MAX POWER  (kWh / day),,,,,,,,,,,,,,,,,,,,,
,,,,,,,,,,,,,,,,,,,,,,,,,,,,,,,,,,,,,,,,,,,,,
,,,,,,,,,,,,,,,,,,,,,,,,,,,,,,,,,,,,,,,,,,,,,
,,,,,,,,,,,,,,,,,,,,,,,,,,,,,,,,,,,,,,,,,,,,,
,,,,,,,,,,,,,,,,,,,,,,,,,,,,,,,,,,,,,,,,,,,,,
Year,Month,Day,Hour,Minute,DHI,DNI,GHI,Clearsky DHI,Clearsky DNI,Clearsky GHI,Cloud Type,Dew Point,Temperature,Pressure,Relative Humidity,Solar Zenith Angle,Precipitable Water,Wind Direction,Wind Speed,Fill Flag,,,,,,,,,,,,,,,,,,,,,,,,,
2015,4,25,0,0,0,0,0,0,0,0,3,12.58239136,19.06807861,934.0365601,90.65042114,146.8678161,17.22393417,117.535408,2.359257698,0,,0,0,0,,,,,,,,,,,,,,,,,,,,,
2015,4,25,0,30,0,0,0,0,0,0,3,12.67540894,19.03121338,933.7133179,90.82975006,147.1393348,17.22334862,117.535408,2.401832581,0,,0,0,0,,,,,,,,,,,,,,,,,,,,,
2015,4,25,1,0,0,0,0,0,0,0,4,12.76836548,18.99437866,933.3900757,91.00930023,145.7805806,17.22276306,118.4057541,2.444407463,0,,0,0,0,,,,,,,,,,,,,,,,,,,,,
2015,4,25,1,30,0,0,0,0,0,0,4,13.12099609,19.00045166,933.1875,91.49319458,142.9707935,17.18075752,118.4057541,2.407485485,0,,0,0,0,,,,,,,,,,,,,,,,,,,,,
2015,4,25,2,0,0,0,0,0,0,0,1,13.47167358,19.00652466,932.9849854,91.97650909,139.0076705,17.13875198,119.3442612,2.370563507,0,,0,0,0,,,,,,,,,,,,,,,,,,,,,
2015,4,25,2,30,0,0,0,0,0,0,1,13.57845459,19.0574585,932.9371338,92.05640411,134.1901221,17.07390594,119.3442612,2.332979441,0,,0,0,0,,,,,,,,,,,,,,,,,,,,,
2015,4,25,3,0,0,0,0,0,0,0,1,13.6843811,19.10836182,932.8892212,92.13516235,128.7592574,17.00905991,119.8549194,2.295395374,0,,0,0,0,,,,,,,,,,,,,,,,,,,,,
2015,4,25,3,30,0,0,0,0,0,0,1,13.6838623,19.13103638,932.7974854,92.10326385,122.8905769,16.89616013,119.8549194,2.244834661,0,,0,0,0,,,,,,,,,,,,,,,,,,,,,
2015,4,25,4,0,0,0,0,0,0,0,3,13.68343506,19.15368042,932.7058105,92.07146454,116.7066597,16.78326225,119.0925064,2.194273949,0,,0,0,0,,,,,,,,,,,,,,,,,,,,,
2015,4,25,4,30,0,0,0,0,0,0,1,13.29271851,19.17312012,932.8569946,91.49726868,110.292381,16.61894417,119.0925064,2.151994705,0,,0,0,0,,,,,,,,,,,,,,,,,,,,,
2015,4,25,5,0,0,0,0,0,0,0,1,12.90075073,19.19259033,933.0081787,90.92404938,103.7069843,16.45462418,117.5931473,2.109715223,0,,0,0,0,,,,,,,,,,,,,,,,,,,,,
2015,4,25,5,30,0,0,0,0,0,0,1,12.36193237,19.25939331,933.1505127,90.0867691,96.99250711,16.47857857,117.5931473,2.041401386,0,,0,0,0,,,,,,,,,,,,,,,,,,,,,
2015,4,25,6,0,0,0,0,0,0,0,1,11.82259521,19.32622681,933.2927856,89.25479889,90.17487318,16.50253487,115.3425827,1.973087668,0,,0,0,0,,,,,,,,,,,,,,,,,,,,,
2015,4,25,6,30,36,363,78,36,363,78,0,10.43099365,19.72234497,933.4030762,86.84683228,83.28917744,16.47997284,115.3425827,1.982235193,0,,2090.88,2613.6,3136.32,,,,,,,,,,,,,,,,,,,,,
2015,4,25,7,0,56,576,192,56,576,192,0,9.050592041,20.11843262,933.5133667,84.50965881,76.34187266,16.45741272,115.9462433,1.991382599,0,,3317.76,4147.2,4976.64,,,,,,,,,,,,,,,,,,,,,
2015,4,25,7,30,69,701,317,69,701,317,0,8.185968018,20.91536865,933.6903076,82.39839172,69.34913835,16.4601593,115.9462433,1.997218132,0,,4037.76,5047.2,6056.64,,,,,,,,,,,,,,,,,,,,,
2015,4,25,8,0,79,781,442,79,781,442,0,7.307458496,21.71230469,933.8671875,80.32184601,62.32255711,16.46290588,117.3857346,2.003053665,0,,4498.56,5623.2,6747.84,,,,,,,,,,,,,,,,,,,,,
2015,4,25,8,30,87,837,564,87,837,564,0,6.654351807,22.377771,933.9793701,78.72658539,55.27227978,16.57271004,117.3857346,2.079388857,0,,4821.12,6026.4,7231.68,,,,,,,,,,,,,,,,,,,,,
2015,4,25,9,0,93,877,678,93,877,678,0,5.989587402,23.0432373,934.0915527,77.14876556,48.20830737,16.68251228,120.5316925,2.155724049,0,,5051.52,6314.4,7577.28,,,,,,,,,,,,,,,,,,,,,
2015,4,25,9,30,98,906,781,98,906,781,0,4.705316162,23.70336304,934.0557251,74.87332153,41.1420993,16.89139938,120.5316925,2.251829624,0,,5218.56,6523.2,7827.84,,,,,,,,,,,,,,,,,,,,,
2015,4,25,10,0,102,927,870,102,927,870,0,3.432702637,24.36348877,934.0198975,72.67285156,34.08953433,17.10028839,125.0752716,2.347935438,0,,5339.52,6674.4,8009.28,,,,,,,,,,,,,,,,,,,,,
2015,4,25,10,30,105,943,945,105,943,945,0,2.238244629,24.81728516,933.8085327,70.83315277,27.07791051,17.29380608,125.0752716,2.39893961,0,,5431.68,6789.6,8147.52,,,,,,,,,,,,,,,,,,,,,
2015,4,25,11,0,107,954,1004,107,954,1004,0,1.054193115,25.27105103,933.597168,69.04637909,20.16670468,17.48732567,124.685257,2.449944019,0,,5495.04,6868.8,8242.56,,,,,,,,,,,,,,,,,,,,,
2015,4,25,11,30,109,961,1044,109,961,1044,0,-0.032141113,25.46239624,933.2958984,67.66399384,13.52868337,17.65354538,124.685257,2.465449333,0,,5535.36,6919.2,8303.04,,,,,,,,,,,,,,,,,,,,,
2015,4,25,12,0,110,965,1066,110,965,1066,0,-1.117346191,25.65371094,932.9946899,66.3057251,7.906549957,17.819767,122.6759644,2.480954409,0,,5558.4,6948,8337.6,,,,,,,,,,,,,,,,,,,,,
2015,4,25,12,30,110,965,1069,110,965,1069,0,-1.747198486,25.5800415,932.668457,65.70461273,6.732013202,18.0376606,122.6759644,2.443845272,0,,5558.4,6948,8337.6,,,,,,,,,,,,,,,,,,,,,
2015,4,25,13,0,109,962,1052,109,962,1052,1,-2.385748291,25.50634155,932.3421631,65.0982132,11.46553261,18.25555229,121.2743073,2.406736374,0,,5541.12,6926.4,8311.68,,,,,,,,,,,,,,,,,,,,,
2015,4,25,13,30,242,14,255,108,955,1017,2,-2.545233154,25.60964355,932.137207,64.8319931,17.91083338,18.49651718,121.2743073,2.303384304,0,,80.64,100.8,120.96,,,,,,,,,,,,,,,,,,,,,
2015,4,25,14,0,244,13,257,106,944,963,2,-2.704626465,25.71291504,931.932312,64.56700897,24.75999046,18.73748016,120.2299881,2.200032473,0,,74.88,93.6,112.32,,,,,,,,,,,,,,,,,,,,,
2015,4,25,14,30,407,75,471,103,928,893,2,-2.718939209,25.43798218,931.7473145,64.81157684,31.74572243,19.01839447,120.2299881,2.056152344,0,,432,540,648,,,,,,,,,,,,,,,,,,,,,
2015,4,25,15,0,340,46,376,99,908,807,2,-2.740454102,25.16304932,931.5623779,65.04965973,38.78619664,19.29930687,118.0839615,1.912272453,0,,264.96,331.2,397.44,,,,,,,,,,,,,,,,,,,,,
2015,4,25,15,30,335,150,440,94,880,708,2,-1.859716797,24.53737793,931.5419922,66.59249115,45.84696753,19.59178543,118.0839615,1.824146032,0,,864,1080,1296,,,,,,,,,,,,,,,,,,,,,
2015,4,25,16,0,203,13,212,89,843,597,2,-0.978094482,23.91173706,931.5215454,68.1711731,52.90942991,19.88426399,114.1247559,1.736019492,0,,74.88,93.6,112.32,,,,,,,,,,,,,,,,,,,,,
2015,4,25,16,30,114,0,114,82,792,478,2,0.634851074,23.02098999,931.7481689,70.88587189,59.96102485,20.16861725,114.1247559,1.742396712,0,,0,0,0,,,,,,,,,,,,,,,,,,,,,
2015,4,25,17,0,51,0,51,72,721,354,3,2.264825439,22.13024292,931.9747925,73.71989441,66.99139199,20.45297241,114.1296082,1.748773932,0,,0,0,0,,,,,,,,,,,,,,,,,,,,,
2015,4,25,17,30,73,0,73,60,613,230,3,4.460443115,21.51012573,932.2686768,77.03752136,73.99045706,20.83006287,114.1296082,1.728073835,0,,0,0,0,,,,,,,,,,,,,,,,,,,,,
2015,4,25,18,0,43,438,112,43,438,112,0,6.682702637,20.89000854,932.5626221,80.51616669,80.94712449,21.20715523,116.266098,1.707373857,0,,2522.88,3153.6,3784.32,,,,,,,,,,,,,,,,,,,,,
2015,4,25,18,30,16,124,20,16,124,20,0,7.785272217,20.53695068,932.7813721,82.3470993,87.84744943,21.50938416,116.266098,1.706568241,0,,714.24,892.8,1071.36,,,,,,,,,,,,,,,,,,,,,
2015,4,25,19,0,0,0,0,0,0,0,1,8.895959473,20.1838623,933.000061,84.22476959,94.68050795,21.81161308,116.5593262,1.705762506,0,,0,0,0,,,,,,,,,,,,,,,,,,,,,
2015,4,25,19,30,0,0,0,0,0,0,1,9.200097656,20.01165161,933.2225952,84.8408432,101.4189495,22.04517746,116.5593262,1.702290177,0,,0,0,0,,,,,,,,,,,,,,,,,,,,,
2015,4,25,20,0,0,0,0,0,0,0,1,9.504754639,19.83944092,933.4451294,85.46160126,108.0373078,22.27874184,116.2606659,1.698817849,0,,0,0,0,,,,,,,,,,,,,,,,,,,,,
2015,4,25,20,30,0,0,0,0,0,0,1,9.842828369,19.70665894,933.6470947,86.08071899,114.4974178,22.41825104,116.2606659,1.707811356,0,,0,0,0,,,,,,,,,,,,,,,,,,,,,
2015,4,25,21,0,0,0,0,0,0,0,0,10.18172607,19.57390747,933.8490601,86.70475006,120.7459356,22.55775833,117.1166534,1.716804981,0,,0,0,0,,,,,,,,,,,,,,,,,,,,,
2015,4,25,21,30,0,0,0,0,0,0,1,10.44106445,19.48995361,933.9128418,87.16201782,126.7069821,22.65961456,117.1166534,1.716293812,0,,0,0,0,,,,,,,,,,,,,,,,,,,,,
2015,4,25,22,0,0,0,0,0,0,0,0,10.70067749,19.40599976,933.9766846,87.62194824,132.2714707,22.76147079,120.4891434,1.715782762,0,,0,0,0,,,,,,,,,,,,,,,,,,,,,
2015,4,25,22,30,0,0,0,0,0,0,1,10.91817627,19.36373291,933.7036133,87.97169495,137.2830406,22.82936859,120.4891434,1.709912539,0,,0,0,0,,,,,,,,,,,,,,,,,,,,,
2015,4,25,23,0,0,0,0,0,0,0,1,11.13546143,19.32146606,933.430603,88.32262421,141.5240811,22.89726639,126.492157,1.704042196,0,,0,0,0,,,,,,,,,,,,,,,,,,,,,
2015,4,25,23,30,0,0,0,0,0,0,0,11.04515991,19.32406006,933.3444824,88.19632721,144.7149005,22.70806694,126.492157,1.730045557,0,,0,0,0,,,,,,,,,,,,,,,,,,,,,
,,,,,1.669,6.2955,6.2415,1.071,9.932,8.1405,0,,18.99437866,933.0747604,80.69492579,,18.82551901,118.9373086,2.053221315,,,36.26208,45.3276,54.39312,,,,,,,,,,,,,,,,,,,,,
,,,,,,,,,,,,,25.71291504,,,,,,,,,MIN POWER  (kWh / day),MEAN POWER  (kWh / day),MAX POWER  (kWh / day),,,,,,,,,,,,,,,,,,,,,
,,,,,,,,,,,,,,,,,,,,,,,,,,,,,,,,,,,,,,,,,,,,,
,,,,,,,,,,,,,,,,,,,,,,,,,,,,,,,,,,,,,,,,,,,,,
,,,,,,,,,,,,,,,,,,,,,,,,,,,,,,,,,,,,,,,,,,,,,
,,,,,,,,,,,,,,,,,,,,,,,,,,,,,,,,,,,,,,,,,,,,,
Year,Month,Day,Hour,Minute,DHI,DNI,GHI,Clearsky DHI,Clearsky DNI,Clearsky GHI,Cloud Type,Dew Point,Temperature,Pressure,Relative Humidity,Solar Zenith Angle,Precipitable Water,Wind Direction,Wind Speed,Fill Flag,,,,,,,,,,,,,,,,,,,,,,,,,
2015,4,26,0,0,0,0,0,0,0,0,0,10.95467529,19.32665405,933.2583618,88.0700531,146.5530439,22.51886749,132.6188354,1.756048918,0,,0,0,0,,,,,,,,,,,,,,,,,,,,,
2015,4,26,0,30,0,0,0,0,0,0,0,11.14373169,19.28795776,933.0831909,88.37809753,146.8127181,22.32987595,132.6188354,1.733838439,0,,0,0,0,,,,,,,,,,,,,,,,,,,,,
2015,4,26,1,0,0,0,0,0,0,0,0,11.33284912,19.24926147,932.90802,88.68714142,145.4582909,22.1408844,137.8254089,1.71162796,0,,0,0,0,,,,,,,,,,,,,,,,,,,,,
2015,4,26,1,30,0,0,0,0,0,0,1,11.31673584,19.23973999,932.7547607,88.67771149,142.6652249,21.96697044,137.8254089,1.725867033,0,,0,0,0,,,,,,,,,,,,,,,,,,,,,
2015,4,26,2,0,0,0,0,0,0,0,0,11.30056152,19.23021851,932.6014404,88.66825104,138.7249362,21.7930584,141.628479,1.740105987,0,,0,0,0,,,,,,,,,,,,,,,,,,,,,
2015,4,26,2,30,0,0,0,0,0,0,1,11.4848877,19.20525513,932.4780273,88.95333099,133.9313937,21.60128403,141.628479,1.72057128,0,,0,0,0,,,,,,,,,,,,,,,,,,,,,
2015,4,26,3,0,0,0,0,0,0,0,1,11.66930542,19.18026123,932.3546753,89.23918915,128.5230737,21.40950966,143.9055176,1.701036572,0,,0,0,0,,,,,,,,,,,,,,,,,,,,,
2015,4,26,3,30,0,0,0,0,0,0,0,11.70525513,19.1302124,932.3405762,89.35538483,122.6744881,21.19987488,143.9055176,1.704793453,0,,0,0,0,,,,,,,,,,,,,,,,,,,,,
2015,4,26,4,0,0,0,0,0,0,0,0,11.74108276,19.08016357,932.3264771,89.47157288,116.5080685,20.9902401,144.9970398,1.708550453,0,,0,0,0,,,,,,,,,,,,,,,,,,,,,
2015,4,26,4,30,0,0,0,0,0,0,1,11.70263062,19.0598999,932.5610352,89.445755,110.1088859,20.80036926,144.9970398,1.693951488,0,,0,0,0,,,,,,,,,,,,,,,,,,,,,
2015,4,26,5,0,0,0,0,0,0,0,1,11.66399536,19.03960571,932.7955933,89.41986084,103.5364783,20.61049843,146.0456238,1.679352522,0,,0,0,0,,,,,,,,,,,,,,,,,,,,,
2015,4,26,5,30,0,0,0,0,0,0,1,11.56154785,19.2293335,932.9907837,89.0262146,96.83317204,20.65810204,146.0456238,1.605866194,0,,0,0,0,,,,,,,,,,,,,,,,,,,,,
2015,4,26,6,0,0,0,0,0,0,0,0,11.45678101,19.4190918,933.1859741,88.6312561,90.02533692,20.70570564,147.3837585,1.532379866,0,,0,0,0,,,,,,,,,,,,,,,,,,,,,
2015,4,26,6,30,36,359,79,36,359,79,0,9.754693604,19.90651855,933.3244629,85.70746613,83.14766858,20.77036858,147.3837585,1.492272377,0,,2067.84,2584.8,3101.76,,,,,,,,,,,,,,,,,,,,,
2015,4,26,7,0,56,567,191,56,567,191,0,8.069177246,20.39394531,933.4629517,82.88851929,76.20729682,20.83503151,147.8506775,1.452164769,0,,3265.92,4082.4,4898.88,,,,,,,,,,,,,,,,,,,,,
2015,4,26,7,30,69,690,314,69,690,314,0,6.809075928,21.21239624,933.5089111,80.29060364,69.22030674,20.88814926,147.8506775,1.349767447,0,,3974.4,4968,5961.6,,,,,,,,,,,,,,,,,,,,,
2015,4,26,8,0,79,770,438,79,770,438,0,5.552484131,22.03081665,933.5548706,77.77394867,62.19825845,20.94126511,147.7469025,1.247370124,0,,4435.2,5544,6652.8,,,,,,,,,,,,,,,,,,,,,
2015,4,26,8,30,86,825,558,86,825,558,0,4.488336182,22.80809937,933.574707,75.60700226,55.15119006,21.00679588,147.7469025,1.155303001,0,,4752,5940,7128,,,,,,,,,,,,,,,,,,,,,
2015,4,26,9,0,93,865,671,93,865,671,0,3.422723389,23.5854126,933.5946045,73.49609375,48.08884382,21.07232666,147.3847961,1.06323576,0,,4982.4,6228,7473.6,,,,,,,,,,,,,,,,,,,,,
2015,4,26,9,30,97,895,773,97,895,773,0,2.518518066,24.32644043,933.4854736,71.66353607,41.02217064,21.16606712,147.3847961,0.972804904,0,,5155.2,6444,7732.8,,,,,,,,,,,,,,,,,,,,,
2015,4,26,10,0,101,917,862,101,917,862,0,1.609002686,25.06749878,933.3762817,69.86938477,33.96606161,21.25980759,147.6578217,0.882374108,0,,5281.92,6602.4,7922.88,,,,,,,,,,,,,,,,,,,,,
2015,4,26,10,30,104,933,936,104,933,936,0,0.577752686,25.61040649,933.1238403,68.18247223,26.94578692,21.37241173,147.6578217,0.79685986,0,,5374.08,6717.6,8061.12,,,,,,,,,,,,,,,,,,,,,
2015,4,26,11,0,107,944,994,107,944,994,0,-0.446051025,26.15334473,932.8713989,66.54091644,20.01619311,21.48501587,139.3334961,0.711345613,0,,5437.44,6796.8,8156.16,,,,,,,,,,,,,,,,,,,,,
2015,4,26,11,30,108,952,1035,108,952,1035,0,-1.415563965,26.6559082,932.6408081,65.03096008,13.33787661,21.4633503,139.3334961,0.624598384,0,,5483.52,6854.4,8225.28,,,,,,,,,,,,,,,,,,,,,
2015,4,26,12,0,109,956,1057,109,956,1057,2,-2.377966309,27.15847168,932.4102173,63.55953979,7.625305174,21.44168472,124.895195,0.537851155,4,,5506.56,6883.2,8259.84,,,,,,,,,,,,,,,,,,,,,
2015,4,26,12,30,109,956,1060,109,956,1060,2,-3.324163818,27.53945313,932.185791,62.24470901,6.44579255,21.47084618,124.895195,0.423457563,4,,5506.56,6883.2,8259.84,,,,,,,,,,,,,,,,,,,,,
2015,4,26,13,0,109,953,1044,109,953,1044,1,-4.263494873,27.92043457,931.9613647,60.9608345,11.31906277,21.50000763,90.43876648,0.309063971,0,,5489.28,6861.6,8233.92,,,,,,,,,,,,,,,,,,,,,
2015,4,26,13,30,483,95,574,107,947,1009,2,-5.155767822,27.89147339,931.7429199,60.10186768,17.82499189,21.54794693,90.43876648,0.366381168,0,,547.2,684,820.8,,,,,,,,,,,,,,,,,,,,,
2015,4,26,14,0,105,936,956,105,936,956,1,-6.059484863,27.86248169,931.5245361,59.24086761,24.69997636,21.59588432,19.12304688,0.423698395,0,,5391.36,6739.2,8087.04,,,,,,,,,,,,,,,,,,,,,
2015,4,26,14,30,102,922,887,102,922,887,0,-6.561773682,27.52950439,931.3619385,59.0365715,31.69768666,21.63971901,19.12304688,0.613444507,0,,5310.72,6638.4,7966.08,,,,,,,,,,,,,,,,,,,,,
2015,4,26,15,0,99,901,802,99,901,802,0,-7.091436768,27.1965271,931.1992798,58.80581284,38.74341536,21.68355179,4.288635254,0.803190649,0,,5189.76,6487.2,7784.64,,,,,,,,,,,,,,,,,,,,,
2015,4,26,15,30,94,874,704,94,874,704,0,-6.30411377,26.52089844,931.3133545,60.16227722,45.80560291,21.65804863,4.288635254,0.94119978,0,,5034.24,6292.8,7551.36,,,,,,,,,,,,,,,,,,,,,
2015,4,26,16,0,88,838,595,88,838,595,0,-5.520788574,25.84526978,931.4274292,61.54512024,52.86698115,21.63254547,5.946388245,1.079208851,0,,4826.88,6033.6,7240.32,,,,,,,,,,,,,,,,,,,,,
2015,4,26,16,30,217,213,324,81,788,477,2,-3.282568359,24.95211182,931.6640625,64.67778015,59.91565948,21.60607338,5.946388245,1.134200811,0,,1226.88,1533.6,1840.32,,,,,,,,,,,,,,,,,,,,,
2015,4,26,17,0,72,718,354,72,718,354,1,-1.005743408,24.05892334,931.9006958,67.99367523,66.94161381,21.57959938,10.36062622,1.189192653,0,,4135.68,5169.6,6203.52,,,,,,,,,,,,,,,,,,,,,
2015,4,26,17,30,60,612,230,60,612,230,1,1.890557861,23.43224487,932.1838989,71.88765717,73.93491904,21.7502327,10.36062622,1.202330589,0,,3525.12,4406.4,5287.68,,,,,,,,,,,,,,,,,,,,,
2015,4,26,18,0,43,438,113,43,438,113,1,4.810327148,22.80556641,932.4671021,75.9952774,80.88450956,21.92086411,19.45428467,1.215468407,0,,2522.88,3153.6,3784.32,,,,,,,,,,,,,,,,,,,,,
2015,4,26,18,30,16,127,21,16,127,21,0,6.278497314,22.41726074,932.7728271,78.21832275,87.77640797,22.00027847,19.45428467,1.25660193,0,,731.52,914.4,1097.28,,,,,,,,,,,,,,,,,,,,,
2015,4,26,19,0,0,0,0,0,0,0,1,7.75725708,22.02895508,933.0784912,80.51004028,94.59941142,22.07969284,30.05651474,1.297735453,0,,0,0,0,,,,,,,,,,,,,,,,,,,,,
2015,4,26,19,30,0,0,0,0,0,0,0,8.546563721,21.70809326,933.3753662,81.8940506,101.3260934,22.15496254,30.05651474,1.326765776,0,,0,0,0,,,,,,,,,,,,,,,,,,,,,
2015,4,26,20,0,0,0,0,0,0,0,0,9.340447998,21.38723145,933.6723022,83.30525208,107.9306221,22.23023415,44.06835175,1.355796218,0,,0,0,0,,,,,,,,,,,,,,,,,,,,,
2015,4,26,20,30,0,0,0,0,0,0,1,10.2003418,21.17000732,934.1237793,84.69425201,114.3744296,22.2965641,44.06835175,1.367622614,0,,0,0,0,,,,,,,,,,,,,,,,,,,,,
2015,4,26,21,0,0,0,0,0,0,0,1,11.06383667,20.95275269,934.5751953,86.10781097,120.603686,22.36289406,59.03067017,1.379448891,0,,0,0,0,,,,,,,,,,,,,,,,,,,,,
2015,4,26,21,30,0,0,0,0,0,0,0,11.54366455,20.78237305,934.6065674,86.96595764,126.5419904,22.37456512,59.03067017,1.381089926,0,,0,0,0,,,,,,,,,,,,,,,,,,,,,
2015,4,26,22,0,0,0,0,0,0,0,0,12.02504883,20.61202393,934.6378784,87.83365631,132.0798488,22.38623619,73.12223816,1.382730842,0,,0,0,0,,,,,,,,,,,,,,,,,,,,,
2015,4,26,22,30,0,0,0,0,0,0,0,12.19228516,20.47173462,934.5770874,88.24336243,137.0609778,22.35497665,73.12223816,1.428927898,0,,0,0,0,,,,,,,,,,,,,,,,,,,,,
2015,4,26,23,0,0,0,0,0,0,0,0,12.3593689,20.33144531,934.5162964,88.65455627,141.269069,22.32371712,83.03109741,1.475125074,0,,0,0,0,,,,,,,,,,,,,,,,,,,,,
2015,4,26,23,30,0,0,0,0,0,0,0,12.1279541,20.24682007,934.3364258,88.45178223,144.4279878,22.14771843,83.03109741,1.502741575,0,,0,0,0,,,,,,,,,,,,,,,,,,,,,
,,,,,1.321,9.128,7.786,1.065,9.8415,8.08,0,,19.03960571,932.9119174,77.79511992,,21.59843071,95.34142383,1.232403358,,,52.57728,65.7216,78.86592,,,,,,,,,,,,,,,,,,,,,
,,,,,,,,,,,,,27.92043457,,,,,,,,,MIN POWER  (kWh / day),MEAN POWER  (kWh / day),MAX POWER  (kWh / day),,,,,,,,,,,,,,,,,,,,,
,,,,,,,,,,,,,,,,,,,,,,,,,,,,,,,,,,,,,,,,,,,,,
,,,,,,,,,,,,,,,,,,,,,,,,,,,,,,,,,,,,,,,,,,,,,
,,,,,,,,,,,,,,,,,,,,,,,,,,,,,,,,,,,,,,,,,,,,,
,,,,,,,,,,,,,,,,,,,,,,,,,,,,,,,,,,,,,,,,,,,,,
Year,Month,Day,Hour,Minute,DHI,DNI,GHI,Clearsky DHI,Clearsky DNI,Clearsky GHI,Cloud Type,Dew Point,Temperature,Pressure,Relative Humidity,Solar Zenith Angle,Precipitable Water,Wind Direction,Wind Speed,Fill Flag,,,,,,,,,,,,,,,,,,,,,,,,,
2015,4,27,0,0,0,0,0,0,0,0,0,11.89345703,20.16222534,934.1565552,88.24499512,146.2414139,21.97171783,89.00848389,1.530358076,0,,0,0,0,,,,,,,,,,,,,,,,,,,,,
2015,4,27,0,30,0,0,0,0,0,0,0,11.8355957,20.09154663,933.9631958,88.25949097,146.4899405,21.87104225,89.00848389,1.520852923,0,,0,0,0,,,,,,,,,,,,,,,,,,,,,
2015,4,27,1,0,0,0,0,0,0,0,0,11.7769104,20.02086792,933.7698364,88.27281952,145.1400716,21.77036858,92.44901276,1.511347771,0,,0,0,0,,,,,,,,,,,,,,,,,,,,,
2015,4,27,1,30,0,0,0,0,0,0,1,11.70900879,19.96831665,933.7175293,88.24979401,142.3636027,21.7213459,92.44901276,1.488219261,0,,0,0,0,,,,,,,,,,,,,,,,,,,,,
2015,4,27,2,0,0,0,0,0,0,0,3,11.64040527,19.91576538,933.6651611,88.22584534,138.4458919,21.67232132,92.15158844,1.465090752,0,,0,0,0,,,,,,,,,,,,,,,,,,,,,
2015,4,27,2,30,0,0,0,0,0,0,1,11.45250854,19.83950195,933.5735474,88.07128906,133.6761132,21.65954781,92.15158844,1.474655747,0,,0,0,0,,,,,,,,,,,,,,,,,,,,,
2015,4,27,3,0,0,0,0,0,0,0,1,11.26226196,19.76326904,933.4819336,87.91360474,128.2901619,21.64677238,87.43418121,1.484220743,0,,0,0,0,,,,,,,,,,,,,,,,,,,,,
2015,4,27,3,30,0,0,0,0,0,0,1,11.34627686,19.64946899,933.52948,88.17700195,122.4615631,21.59989548,87.43418121,1.499532461,0,,0,0,0,,,,,,,,,,,,,,,,,,,,,
2015,4,27,4,0,0,0,0,0,0,0,1,11.4296814,19.53566895,933.5770264,88.44029236,116.312589,21.55301857,80.58065033,1.514844298,0,,0,0,0,,,,,,,,,,,,,,,,,,,,,
2015,4,27,4,30,0,0,0,0,0,0,1,11.31948242,19.46584473,933.8892822,88.38236237,109.9284939,21.48933029,80.58065033,1.50143981,0,,0,0,0,,,,,,,,,,,,,,,,,,,,,
2015,4,27,5,0,0,0,0,0,0,0,0,11.20760498,19.39598999,934.2015991,88.32242584,103.3691006,21.42564011,76.06555939,1.48803544,0,,0,0,0,,,,,,,,,,,,,,,,,,,,,
2015,4,27,5,30,0,0,0,0,0,0,0,11.1368042,19.47722778,934.5383301,88.11925507,96.67701823,21.48541832,76.06555939,1.46852088,0,,0,0,0,,,,,,,,,,,,,,,,,,,,,
2015,4,27,6,0,0,0,0,0,0,0,0,11.06603394,19.55843506,934.8751221,87.91648102,89.87903667,21.54519463,72.12342072,1.449006438,0,,0,0,0,,,,,,,,,,,,,,,,,,,,,
2015,4,27,6,30,36,362,81,36,362,81,0,10.07525024,19.85979614,934.9008789,86.1937561,83.00951695,21.51340485,72.12342072,1.441345215,0,,2085.12,2606.4,3127.68,,,,,,,,,,,,,,,,,,,,,
2015,4,27,7,0,89,42,99,56,568,193,2,9.090631104,20.16115723,934.9266357,84.50836182,76.07620772,21.48161697,68.27820587,1.433684111,0,,241.92,302.4,362.88,,,,,,,,,,,,,,,,,,,,,
2015,4,27,7,30,69,690,316,69,690,316,0,7.950860596,20.737146,935.1581421,82.31469727,69.09511977,21.42764664,68.27820587,1.438620567,0,,3974.4,4968,5961.6,,,,,,,,,,,,,,,,,,,,,
2015,4,27,8,0,196,242,309,79,769,439,2,6.820123291,21.31310425,935.3896484,80.18466187,62.07779889,21.3736763,65.90366364,1.443557143,0,,1393.92,1742.4,2090.88,,,,,,,,,,,,,,,,,,,,,
2015,4,27,8,30,254,241,393,87,825,559,2,5.480401611,22.13240967,935.3297119,77.56912994,55.03418193,21.29913139,65.90366364,1.464292765,0,,1388.16,1735.2,2082.24,,,,,,,,,,,,,,,,,,,,,
2015,4,27,9,0,318,155,422,93,865,672,2,4.147912598,22.95171509,935.2698364,75.04216766,47.97376984,21.22458649,61.93329239,1.485028267,0,,892.8,1116,1339.2,,,,,,,,,,,,,,,,,,,,,
2015,4,27,9,30,330,380,617,98,894,774,2,3.080773926,23.74883423,934.9890747,72.92288208,40.90703395,21.18860054,61.93329239,1.522413969,0,,2188.8,2736,3283.2,,,,,,,,,,,,,,,,,,,,,
2015,4,27,10,0,329,28,353,102,917,863,3,2.011132813,24.54595337,934.708313,70.85813141,33.847926,21.1526165,56.37654877,1.55979979,0,,161.28,201.6,241.92,,,,,,,,,,,,,,,,,,,,,
2015,4,27,10,30,459,153,596,105,933,937,3,1.146569824,25.03081665,934.5288086,69.39180756,26.8197719,21.20734024,56.37654877,1.664341092,0,,881.28,1101.6,1321.92,,,,,,,,,,,,,,,,,,,,,
2015,4,27,11,0,362,25,386,107,944,995,3,0.286767578,25.51571045,934.3493652,67.95863342,19.87292314,21.26206398,52.19202805,1.768882394,0,,144,180,216,,,,,,,,,,,,,,,,,,,,,
2015,4,27,11,30,206,12,218,108,952,1035,3,-0.327276611,25.94786987,934.1264648,66.86820221,13.15583496,21.26867867,52.19202805,1.930796623,0,,69.12,86.4,103.68,,,,,,,,,,,,,,,,,,,,,
2015,4,27,12,0,166,8,175,109,956,1057,3,-0.940863037,26.38005981,933.9035645,65.79484558,7.351898299,21.27529335,50.06981659,2.092710972,0,,46.08,57.6,69.12,,,,,,,,,,,,,,,,,,,,,
2015,4,27,12,30,335,19,355,109,956,1060,3,-1.47913208,26.34230957,933.5939941,65.26110077,6.166005579,21.322258,50.06981659,2.25178647,0,,109.44,136.8,164.16,,,,,,,,,,,,,,,,,,,,,
2015,4,27,13,0,515,133,646,109,953,1044,3,-2.022436523,26.30455933,933.2843628,64.72531891,11.18018726,21.36922264,50.20248413,2.410861969,0,,766.08,957.6,1149.12,,,,,,,,,,,,,,,,,,,,,
2015,4,27,13,30,442,51,491,107,947,1009,3,-2.213049316,26.00374756,933.0825195,64.80885315,17.74386341,21.42708397,50.20248413,2.551036835,0,,293.76,367.2,440.64,,,,,,,,,,,,,,,,,,,,,
2015,4,27,14,0,340,23,362,105,936,957,3,-2.417425537,25.70293579,932.8807373,64.8782959,24.64288239,21.4849453,50.72056198,2.691211939,0,,132.48,165.6,198.72,,,,,,,,,,,,,,,,,,,,,
2015,4,27,14,30,261,14,273,102,921,887,3,-2.054205322,25.05874023,932.960083,65.87841797,31.65147627,21.50277901,50.72056198,2.82273531,0,,80.64,100.8,120.96,,,,,,,,,,,,,,,,,,,,,
2015,4,27,15,0,349,54,391,99,901,803,3,-1.71262207,24.41451416,933.0394287,66.87160492,38.70173929,21.52061462,51.70170212,2.954258919,0,,311.04,388.8,466.56,,,,,,,,,,,,,,,,,,,,,
2015,4,27,15,30,296,45,328,94,874,705,3,-1.034063721,23.67107544,933.2497559,68.35086823,45.76483866,21.45448685,51.70170212,3.068457365,0,,259.2,324,388.8,,,,,,,,,,,,,,,,,,,,,
2015,4,27,16,0,200,12,207,89,838,595,4,-0.371801758,22.9276062,933.460144,69.84451294,52.82476167,21.38836098,52.92225647,3.182655811,0,,69.12,86.4,103.68,,,,,,,,,,,,,,,,,,,,,
2015,4,27,16,30,139,0,139,82,789,478,3,1.034997559,22.0942627,933.7496338,72.32426453,59.87024122,21.24679756,52.92225647,3.193591356,0,,0,0,0,,,,,,,,,,,,,,,,,,,,,
2015,4,27,17,0,135,9,139,73,719,355,3,2.451776123,21.26094971,934.0390625,74.89751434,66.89156329,21.10523415,53.13331223,3.204526901,0,,51.84,64.8,77.76,,,,,,,,,,,,,,,,,,,,,
2015,4,27,17,30,102,30,110,61,614,231,3,4.359277344,20.69725952,934.3928223,77.84777069,73.87893574,20.99682426,53.13331223,3.102233887,0,,172.8,216,259.2,,,,,,,,,,,,,,,,,,,,,
2015,4,27,18,0,32,0,32,44,442,114,3,6.288598633,20.13356934,934.7466431,80.92534637,80.82131114,20.88841629,52.96847916,2.999940634,0,,0,0,0,,,,,,,,,,,,,,,,,,,,,
2015,4,27,18,30,6,0,6,16,132,22,3,7.815637207,19.94542847,935.0552368,83.11469269,87.7046586,20.74045944,52.96847916,2.940207481,4,,0,0,0,,,,,,,,,,,,,,,,,,,,,
2015,4,27,19,0,0,0,0,0,0,0,1,9.338922119,19.75731812,935.3638306,85.34667206,94.5175825,20.59250259,53.20450592,2.880474567,0,,0,0,0,,,,,,,,,,,,,,,,,,,,,
2015,4,27,19,30,0,0,0,0,0,0,1,9.915979004,19.67415771,935.583252,86.2199707,101.2324726,20.4527874,53.20450592,2.893266201,0,,0,0,0,,,,,,,,,,,,,,,,,,,,,
2015,4,27,20,0,0,0,0,0,0,0,3,10.49309692,19.5909668,935.8027344,87.10068512,107.8231783,20.3130722,54.19304276,2.906057596,0,,0,0,0,,,,,,,,,,,,,,,,,,,,,
2015,4,27,20,30,0,0,0,0,0,0,3,10.82137451,19.51604614,936.1373291,87.6410141,114.2507398,20.16981316,54.19304276,2.906366825,0,,0,0,0,,,,,,,,,,,,,,,,,,,,,
2015,4,27,21,0,0,0,0,0,0,0,3,11.1501709,19.44109497,936.4719238,88.18495941,120.4608589,20.02655411,55.93386459,2.906676292,0,,0,0,0,,,,,,,,,,,,,,,,,,,,,
2015,4,27,21,30,0,0,0,0,0,0,3,11.23583374,19.38662109,936.4243164,88.37317657,126.3766409,19.88261604,55.93386459,2.916186333,0,,0,0,0,,,,,,,,,,,,,,,,,,,,,
2015,4,27,22,0,0,0,0,0,0,0,1,11.32137451,19.33217773,936.376709,88.56161499,131.8882254,19.73867607,57.57390976,2.925696373,0,,0,0,0,,,,,,,,,,,,,,,,,,,,,
2015,4,27,22,30,0,0,0,0,0,0,1,11.48156128,19.27474365,936.159668,88.85641479,136.8394576,19.58699226,57.57390976,2.943708897,0,,0,0,0,,,,,,,,,,,,,,,,,,,,,
2015,4,27,23,0,0,0,0,0,0,0,1,11.64187012,19.21730957,935.9425659,89.15232086,141.0153706,19.43530655,60.3439064,2.96172142,0,,0,0,0,,,,,,,,,,,,,,,,,,,,,
2015,4,27,23,30,0,0,0,0,0,0,3,11.65581665,19.21813354,935.621582,89.1703186,144.1433534,19.23614883,60.3439064,2.966276169,0,,0,0,0,,,,,,,,,,,,,,,,,,,,,
,,,,,2.983,1.364,3.722,1.0695,9.8485,8.0905,3,,19.21730957,934.4986954,80.09455506,,21.10350462,64.0610199,2.192115272,,,7.85664,9.8208,11.78496,,,,,,,,,,,,,,,,,,,,,
,,,,,,,,,,,,,26.38005981,,,,,,,,,MIN POWER  (kWh / day),MEAN POWER  (kWh / day),MAX POWER  (kWh / day),,,,,,,,,,,,,,,,,,,,,
,,,,,,,,,,,,,,,,,,,,,,,,,,,,,,,,,,,,,,,,,,,,,
,,,,,,,,,,,,,,,,,,,,,,,,,,,,,,,,,,,,,,,,,,,,,
,,,,,,,,,,,,,,,,,,,,,,,,,,,,,,,,,,,,,,,,,,,,,
,,,,,,,,,,,,,,,,,,,,,,,,,,,,,,,,,,,,,,,,,,,,,
Year,Month,Day,Hour,Minute,DHI,DNI,GHI,Clearsky DHI,Clearsky DNI,Clearsky GHI,Cloud Type,Dew Point,Temperature,Pressure,Relative Humidity,Solar Zenith Angle,Precipitable Water,Wind Direction,Wind Speed,Fill Flag,,,,,,,,,,,,,,,,,,,,,,,,,
2015,4,28,0,0,0,0,0,0,0,0,1,11.66988525,19.218927,935.3005981,89.18847656,145.9330344,19.03698921,63.2894783,2.970830679,0,,0,0,0,,,,,,,,,,,,,,,,,,,,,
2015,4,28,0,30,0,0,0,0,0,0,1,11.54467163,19.21672974,935.0778198,89.01987457,146.1710974,18.84699821,63.2894783,2.980315685,0,,0,0,0,,,,,,,,,,,,,,,,,,,,,
2015,4,28,1,0,0,0,0,0,0,0,1,11.4192749,19.21453247,934.8550415,88.85134125,144.8260172,18.65700531,65.06626129,2.989800692,0,,0,0,0,,,,,,,,,,,,,,,,,,,,,
2015,4,28,1,30,0,0,0,0,0,0,1,11.14187012,19.174646,934.7086792,88.52529907,142.0660286,18.46670151,65.06626129,3.023202896,0,,0,0,0,,,,,,,,,,,,,,,,,,,,,
2015,4,28,2,0,0,0,0,0,0,0,3,10.86242065,19.13475952,934.5623169,88.19740295,138.1706457,18.2763958,66.05196381,3.056605339,0,,0,0,0,,,,,,,,,,,,,,,,,,,,,
2015,4,28,2,30,0,0,0,0,0,0,3,10.75029907,19.09017334,934.3856201,88.10374451,133.4243905,18.11289978,66.05196381,3.086274147,0,,0,0,0,,,,,,,,,,,,,,,,,,,,,
2015,4,28,3,0,0,0,0,0,0,0,3,10.63741455,19.04558716,934.2088623,88.00905609,128.0606287,17.94940376,66.53161621,3.115943193,0,,0,0,0,,,,,,,,,,,,,,,,,,,,,
2015,4,28,3,30,0,0,0,0,0,0,3,10.59975586,19.02169189,934.3215332,87.98930359,122.2519032,17.85291481,66.53161621,3.148799419,0,,0,0,0,,,,,,,,,,,,,,,,,,,,,
2015,4,28,4,0,0,0,0,0,0,0,1,10.56176147,18.99779663,934.4342041,87.96922302,116.1203158,17.75642586,67.71468353,3.181655884,0,,0,0,0,,,,,,,,,,,,,,,,,,,,,
2015,4,28,4,30,0,0,0,0,0,0,3,10.7958313,18.96734009,934.7467041,88.32770538,109.751292,17.70416451,67.71468353,3.18379283,0,,0,0,0,,,,,,,,,,,,,,,,,,,,,
2015,4,28,5,0,0,0,0,0,0,0,3,11.02999268,18.93685303,935.0592651,88.68755341,103.2049306,17.65190315,67.98075867,3.185929775,0,,0,0,0,,,,,,,,,,,,,,,,,,,,,
2015,4,28,5,30,0,0,0,0,0,0,3,11.15654907,19.04573975,935.4232178,88.71616364,96.52411766,17.77207375,67.98075867,3.159162521,0,,0,0,0,,,,,,,,,,,,,,,,,,,,,
2015,4,28,6,0,0,0,0,0,0,0,3,11.28087769,19.15459595,935.7871704,88.74156189,89.73604198,17.89224243,67.73418427,3.132395506,0,,0,0,0,,,,,,,,,,,,,,,,,,,,,
2015,4,28,6,30,37,374,84,37,374,84,0,9.63515625,19.51879272,935.9212646,86.04512024,82.87478203,17.9718132,67.73418427,3.356621742,0,,2154.24,2692.8,3231.36,,,,,,,,,,,,,,,,,,,,,
2015,4,28,7,0,82,1,82,57,579,197,3,7.998712158,19.88302002,936.0552979,83.4299469,75.94865693,18.05138397,68.3337326,3.580848217,0,,5.76,7.2,8.64,,,,,,,,,,,,,,,,,,,,,
2015,4,28,7,30,146,117,188,70,700,321,3,7.004205322,20.34859619,936.1799316,81.57644653,68.97362151,18.11799812,68.3337326,3.649557114,0,,673.92,842.4,1010.88,,,,,,,,,,,,,,,,,,,,,
2015,4,28,8,0,200,91,243,79,778,445,3,6.016900635,20.81420288,936.3045044,79.76932526,61.96121481,18.18461227,67.77977753,3.718266249,0,,524.16,655.2,786.24,,,,,,,,,,,,,,,,,,,,,
2015,4,28,8,30,256,93,310,87,833,566,3,5.516168213,21.24712524,936.4818115,78.63687134,54.92128317,18.25422096,67.77977753,3.756504297,0,,535.68,669.6,803.52,,,,,,,,,,,,,,,,,,,,,
2015,4,28,9,0,276,397,542,93,872,679,3,5.012475586,21.68007813,936.6591187,77.51646423,47.86310486,18.32382965,66.45482635,3.794742346,0,,2286.72,2858.4,3430.08,,,,,,,,,,,,,,,,,,,,,
2015,4,28,9,30,350,312,586,98,901,781,3,4.735803223,22.17971191,936.5626221,76.61042023,40.79670073,18.37434769,66.45482635,3.857513905,0,,1797.12,2246.4,2695.68,,,,,,,,,,,,,,,,,,,,,
2015,4,28,10,0,418,202,586,102,923,870,3,4.44463501,22.6793457,936.4661255,75.69844055,33.73513278,18.42486572,64.07037354,3.920285225,0,,1163.52,1454.4,1745.28,,,,,,,,,,,,,,,,,,,,,
2015,4,28,10,30,459,152,596,105,939,944,3,3.558404541,22.92965088,936.1700439,74.36890411,26.69987061,18.4907856,64.07037354,3.944295883,0,,875.52,1094.4,1313.28,,,,,,,,,,,,,,,,,,,,,
2015,4,28,11,0,449,348,777,107,950,1002,3,2.676599121,23.17992554,935.8740234,73.06459045,19.73692227,18.55670547,63.31169128,3.968306303,0,,2004.48,2505.6,3006.72,,,,,,,,,,,,,,,,,,,,,
2015,4,28,11,30,508,125,630,109,958,1043,3,2.316888428,23.56469116,935.7032471,72.23724365,12.98270323,18.31393242,63.31169128,3.938264847,0,,720,900,1080,,,,,,,,,,,,,,,,,,,,,
2015,4,28,12,0,519,121,640,110,963,1066,3,1.952996826,23.94942627,935.5324097,71.41449738,7.086787035,18.07115746,63.78521729,3.908223152,0,,696.96,871.2,1045.44,,,,,,,,,,,,,,,,,,,,,
2015,4,28,12,30,482,427,907,110,964,1069,3,1.302758789,23.98824463,935.350708,70.63619232,5.892991304,17.81497383,63.78521729,3.876762867,0,,2459.52,3074.4,3689.28,,,,,,,,,,,,,,,,,,,,,
2015,4,28,13,0,461,470,923,109,962,1054,2,0.649804688,24.02706299,935.1690674,69.86155701,11.04887067,17.5587883,64.45543671,3.845302582,0,,2707.2,3384,4060.8,,,,,,,,,,,,,,,,,,,,,
2015,4,28,13,30,108,956,1020,108,956,1020,1,0.085046387,23.91018066,935.1502686,69.34992981,17.66730685,17.2714138,64.45543671,3.817332268,0,,5506.56,6883.2,8259.84,,,,,,,,,,,,,,,,,,,,,
2015,4,28,14,0,106,947,967,106,947,967,0,-0.490881348,23.79332886,935.1315308,68.82843018,24.58858043,16.98403931,65.26589966,3.789361954,0,,5454.72,6818.4,8182.08,,,,,,,,,,,,,,,,,,,,,
2015,4,28,14,30,103,933,898,103,933,898,0,-0.684820557,23.48000488,934.9367676,68.930336,31.60698615,16.68142509,65.26589966,3.772228718,0,,5374.08,6717.6,8061.12,,,,,,,,,,,,,,,,,,,,,
2015,4,28,15,0,100,914,814,100,914,814,0,-0.894110107,23.16665039,934.7420044,69.01558685,38.66108393,16.37881088,66.57069397,3.755095243,0,,5264.64,6580.8,7896.96,,,,,,,,,,,,,,,,,,,,,
2015,4,28,15,30,95,888,715,95,888,715,0,-0.624304199,22.64489136,934.8416748,69.85164642,45.72460778,16.07725525,66.57069397,3.756941795,0,,5114.88,6393.6,7672.32,,,,,,,,,,,,,,,,,,,,,
2015,4,28,16,0,258,319,452,89,853,605,2,-0.37076416,22.12313232,934.9412842,70.67992401,52.78271994,15.77569962,67.61631775,3.758788109,0,,1837.44,2296.8,2756.16,,,,,,,,,,,,,,,,,,,,,
2015,4,28,16,30,82,804,487,82,804,487,1,0.843377686,21.50039063,935.2249756,72.73917389,59.82473284,15.50461674,67.61631775,3.793602467,0,,4631.04,5788.8,6946.56,,,,,,,,,,,,,,,,,,,,,
2015,4,28,17,0,73,735,363,73,735,363,0,2.06774292,20.87767944,935.508667,74.86524963,66.84121745,15.23353386,66.87554932,3.828416586,0,,4233.6,5292,6350.4,,,,,,,,,,,,,,,,,,,,,
2015,4,28,17,30,61,630,237,61,630,237,1,4.846063232,20.15355835,935.6630859,79.08569336,73.82249937,15.23243046,66.87554932,3.718221664,0,,3628.8,4536,5443.2,,,,,,,,,,,,,,,,,,,,,
2015,4,28,18,0,53,222,89,44,457,118,3,7.662164307,19.42940674,935.8175049,83.55670929,80.75754178,15.23132801,64.51767731,3.608026505,0,,1278.72,1598.4,1918.08,,,,,,,,,,,,,,,,,,,,,
2015,4,28,18,30,17,0,17,17,143,23,3,9.949975586,19.24520264,936.0596924,86.81952667,87.63226191,15.30573559,64.51767731,3.599086285,4,,0,0,0,,,,,,,,,,,,,,,,,,,,,
2015,4,28,19,0,0,0,0,0,0,0,1,12.21477661,19.06099854,936.3019409,90.15048218,94.43503467,15.38014221,62.13678741,3.590146303,0,,0,0,0,,,,,,,,,,,,,,,,,,,,,
2015,4,28,19,30,0,0,0,0,0,0,3,11.90288696,19.11733398,936.5336914,89.64439392,101.1381129,15.58622551,62.13678741,3.77516222,0,,0,0,0,,,,,,,,,,,,,,,,,,,,,
2015,4,28,20,0,0,0,0,0,0,0,3,11.5911499,19.17363892,936.7655029,89.14096069,107.7150161,15.79230881,63.38684464,3.960178137,0,,0,0,0,,,,,,,,,,,,,,,,,,,,,
2015,4,28,20,30,0,0,0,0,0,0,3,11.80123291,19.08455811,936.9661865,89.54826355,114.126403,16.12717819,63.38684464,3.915756702,0,,0,0,0,,,,,,,,,,,,,,,,,,,,,
2015,4,28,21,0,0,0,0,0,0,0,7,12.01131592,18.99550781,937.1668701,89.95745087,120.3175251,16.46204948,64.22698975,3.87133503,0,,0,0,0,,,,,,,,,,,,,,,,,,,,,
2015,4,28,21,30,0,0,0,0,0,0,7,12.6824585,19.01116333,937.4237061,90.86688995,126.2110216,16.83158684,64.22698975,3.907518864,0,,0,0,0,,,,,,,,,,,,,,,,,,,,,
2015,4,28,22,0,0,0,0,0,0,0,7,13.34816895,19.02681885,937.680603,91.77529907,131.6967058,17.20112228,65.0953064,3.943702459,0,,0,0,0,,,,,,,,,,,,,,,,,,,,,
2015,4,28,22,30,0,0,0,0,0,0,7,13.27797852,19.05843506,937.5127563,91.6335144,136.6185998,17.37472725,65.0953064,3.977358341,0,,0,0,0,,,,,,,,,,,,,,,,,,,,,
2015,4,28,23,0,0,0,0,0,0,0,4,13.20757446,19.09008179,937.3449097,91.49176788,140.7631129,17.54833221,68.18382263,4.011014462,0,,0,0,0,,,,,,,,,,,,,,,,,,,,,
2015,4,28,23,30,0,0,0,0,0,0,4,13.08483276,19.0357605,937.0404663,91.39452362,143.8611196,17.37829781,68.18382263,3.974499226,0,,0,0,0,,,,,,,,,,,,,,,,,,,,,
,,,,,2.8495,5.289,6.5765,1.0755,9.978,8.184,3,,18.93685303,935.751152,82.09413497,,17.330079,65.68482876,3.613624513,,,30.46464,38.0808,45.69696,,,,,,,,,,,,,,,,,,,,,
,,,,,,,,,,,,,24.02706299,,,,,,,,,MIN POWER  (kWh / day),MEAN POWER  (kWh / day),MAX POWER  (kWh / day),,,,,,,,,,,,,,,,,,,,,
,,,,,,,,,,,,,,,,,,,,,,,,,,,,,,,,,,,,,,,,,,,,,
,,,,,,,,,,,,,,,,,,,,,,,,,,,,,,,,,,,,,,,,,,,,,
,,,,,,,,,,,,,,,,,,,,,,,,,,,,,,,,,,,,,,,,,,,,,
,,,,,,,,,,,,,,,,,,,,,,,,,,,,,,,,,,,,,,,,,,,,,
Year,Month,Day,Hour,Minute,DHI,DNI,GHI,Clearsky DHI,Clearsky DNI,Clearsky GHI,Cloud Type,Dew Point,Temperature,Pressure,Relative Humidity,Solar Zenith Angle,Precipitable Water,Wind Direction,Wind Speed,Fill Flag,,,,,,,,,,,,,,,,,,,,,,,,,
2015,4,29,0,0,0,0,0,0,0,0,4,12.96126709,18.98146973,936.7360229,91.29585266,145.6280129,17.20826149,71.27606201,3.937983751,0,,0,0,0,,,,,,,,,,,,,,,,,,,,,
2015,4,29,0,30,0,0,0,0,0,0,4,12.34502563,18.83178101,936.3500366,90.64110565,145.8562833,16.87859726,71.27606201,3.939198494,0,,0,0,0,,,,,,,,,,,,,,,,,,,,,
2015,4,29,1,0,0,0,0,0,0,0,7,11.71431885,18.68209229,935.9640503,89.96894073,144.516221,16.54893112,72.51768494,3.940412998,0,,0,0,0,,,,,,,,,,,,,,,,,,,,,
2015,4,29,1,30,0,0,0,0,0,0,7,11.76030884,18.56194458,935.8805542,90.19485474,141.7726027,16.26486015,72.51768494,3.834188461,0,,0,0,0,,,,,,,,,,,,,,,,,,,,,
2015,4,29,2,0,0,0,0,0,0,0,7,11.80541382,18.44176636,935.7970581,90.41999817,137.8993034,15.98079109,71.21450043,3.727963686,0,,0,0,0,,,,,,,,,,,,,,,,,,,,,
2015,4,29,2,30,0,0,0,0,0,0,7,11.37597046,18.39595947,935.6904297,89.88645935,133.1763324,15.67808533,71.21450043,3.751629829,0,,0,0,0,,,,,,,,,,,,,,,,,,,,,
2015,4,29,3,0,0,0,0,0,0,0,6,10.94240723,18.35015259,935.5837402,89.34951782,127.8345785,15.37537861,69.31153107,3.775296211,0,,0,0,0,,,,,,,,,,,,,,,,,,,,,
2015,4,29,3,30,0,0,0,0,0,0,4,10.7446228,18.2947937,935.5623169,89.15142822,122.0456072,15.09569359,69.31153107,3.71577692,0,,0,0,0,,,,,,,,,,,,,,,,,,,,,
2015,4,29,4,0,0,0,0,0,0,0,7,10.54503784,18.23943481,935.5408936,88.95108795,115.9313408,14.81600952,67.085495,3.656257868,0,,0,0,0,,,,,,,,,,,,,,,,,,,,,
2015,4,29,4,30,0,0,0,0,0,0,7,10.44936523,18.1569458,935.8389893,88.92967987,109.5773648,14.57023048,67.085495,3.658807278,0,,0,0,0,,,,,,,,,,,,,,,,,,,,,
2015,4,29,5,0,0,0,0,0,0,0,7,10.3517395,18.0744873,936.1370239,88.90551758,103.0440452,14.32445049,65.11347961,3.661356449,0,,0,0,0,,,,,,,,,,,,,,,,,,,,,
2015,4,29,5,30,0,0,0,0,0,0,7,10.40148315,18.143396,936.3356934,88.88204193,96.37453942,14.2268219,65.11347961,3.67941761,0,,0,0,0,,,,,,,,,,,,,,,,,,,,,
2015,4,29,6,0,0,0,0,0,0,0,4,10.45061646,18.21230469,936.5343018,88.85749817,89.59641333,14.12919331,63.32565308,3.697478771,0,,0,0,0,,,,,,,,,,,,,,,,,,,,,
2015,4,29,6,30,2,0,2,38,388,87,4,9.991784668,18.54006348,936.7525635,87.79701996,82.74351599,14.11829185,63.32565308,3.780442715,4,,0,0,0,,,,,,,,,,,,,,,,,,,,,
2015,4,29,7,0,6,0,6,57,592,202,4,9.532281494,18.86785278,936.9708862,86.74786377,75.82468917,14.1073904,63.73501205,3.86340642,0,,0,0,0,,,,,,,,,,,,,,,,,,,,,
2015,4,29,7,30,129,17,135,70,712,327,4,8.693841553,19.34349976,937.0352783,85.01940918,68.85584924,14.18776131,63.73501205,3.967123985,0,,97.92,122.4,146.88,,,,,,,,,,,,,,,,,,,,,
2015,4,29,8,0,97,0,97,80,790,453,7,7.858728027,19.81914673,937.0996094,83.32741547,61.84853575,14.26813316,65.6774826,4.070841789,0,,0,0,0,,,,,,,,,,,,,,,,,,,,,
2015,4,29,8,30,245,59,280,88,844,574,4,7.3059021,20.3454834,937.1994019,81.96602631,54.81251611,14.43799305,65.6774826,4.148198128,0,,339.84,424.8,509.76,,,,,,,,,,,,,,,,,,,,,
2015,4,29,9,0,269,33,292,94,882,687,7,6.746179199,20.87182007,937.2991943,80.61804199,47.75686338,14.60785294,67.88845825,4.225554466,0,,190.08,237.6,285.12,,,,,,,,,,,,,,,,,,,,,
2015,4,29,9,30,353,77,412,99,911,790,4,6.473535156,21.33001099,937.1102295,79.7304306,40.69117731,14.88215065,67.88845825,4.285634518,0,,443.52,554.4,665.28,,,,,,,,,,,,,,,,,,,,,
2015,4,29,10,0,410,102,495,103,932,879,4,6.18895874,21.78817139,936.9213257,78.83830261,33.62768107,15.15644836,69.52289581,4.345714569,0,,587.52,734.4,881.28,,,,,,,,,,,,,,,,,,,,,
2015,4,29,10,30,438,82,512,106,947,953,4,5.506158447,22.14058838,936.6502075,77.59120178,26.58607979,15.44466114,69.52289581,4.388669491,0,,472.32,590.4,708.48,,,,,,,,,,,,,,,,,,,,,
2015,4,29,11,0,465,320,768,108,957,1010,7,4.826348877,22.49297485,936.3790894,76.36590576,19.60820546,15.73287392,70.11891174,4.431624413,0,,1843.2,2304,2764.8,,,,,,,,,,,,,,,,,,,,,
2015,4,29,11,30,505,250,749,109,964,1050,7,4.421960449,22.7895752,936.1630249,75.54837799,12.81860851,15.88162804,70.11891174,4.400175571,0,,1440,1800,2160,,,,,,,,,,,,,,,,,,,,,
2015,4,29,12,0,524,206,729,110,968,1071,4,4.01696167,23.08617554,935.9469604,74.7386322,6.830459907,16.03038216,70.68822479,4.36872673,0,,1186.56,1483.2,1779.84,,,,,,,,,,,,,,,,,,,,,
2015,4,29,12,30,528,174,701,110,968,1074,4,3.161553955,22.99361572,935.7674561,73.8323822,5.627120739,16.13822937,70.68822479,4.346855164,0,,1002.24,1252.8,1503.36,,,,,,,,,,,,,,,,,,,,,
2015,4,29,13,0,519,171,688,109,965,1057,7,2.289910889,22.90105591,935.5879517,72.91506195,10.92505667,16.24607849,71.30925751,4.324984074,0,,984.96,1231.2,1477.44,,,,,,,,,,,,,,,,,,,,,
2015,4,29,13,30,474,311,771,108,958,1022,8,1.670220947,22.71715698,935.5261841,72.39377594,17.59517378,16.24853706,71.30925751,4.297341347,0,,1791.36,2239.2,2687.04,,,,,,,,,,,,,,,,,,,,,
2015,4,29,14,0,448,318,738,106,948,969,7,1.032281494,22.53328857,935.4644165,71.85358429,24.5369397,16.25099564,71.62696075,4.269699097,0,,1831.68,2289.6,2747.52,,,,,,,,,,,,,,,,,,,,,
2015,4,29,14,30,409,78,476,103,934,900,4,1.118310547,22.38009033,935.2873535,72.1155777,31.56410952,16.18119812,71.62696075,4.229179859,0,,449.28,561.6,673.92,,,,,,,,,,,,,,,,,,,,,
2015,4,29,15,0,385,199,541,100,914,814,7,1.202996826,22.22692261,935.1102295,72.37705231,38.62136268,16.1113987,72.05163574,4.188660622,0,,1146.24,1432.8,1719.36,,,,,,,,,,,,,,,,,,,,,
2015,4,29,15,30,330,232,492,95,888,716,7,1.671807861,21.86583862,935.21521,73.31180573,45.68484035,16.06182671,72.05163574,4.129816532,0,,1336.32,1670.4,2004.48,,,,,,,,,,,,,,,,,,,,,
2015,4,29,16,0,276,107,341,89,852,605,4,2.139367676,21.50478516,935.3201904,74.25682831,52.74080008,16.01225662,72.46019745,4.070972443,0,,616.32,770.4,924.48,,,,,,,,,,,,,,,,,,,,,
2015,4,29,16,30,203,45,226,82,803,487,4,3.151818848,20.85012207,935.506958,76.19924927,59.7790907,15.987813,72.46019745,3.998158455,0,,259.2,324,388.8,,,,,,,,,,,,,,,,,,,,,
2015,4,29,17,0,162,86,196,73,733,362,7,4.166619873,20.19545898,935.6937866,78.19229889,66.79054348,15.96336937,73.13817596,3.925344467,0,,495.36,619.2,743.04,,,,,,,,,,,,,,,,,,,,,
2015,4,29,17,30,108,152,150,62,628,237,7,6.561181641,19.68959961,935.765625,81.81169128,73.76558797,15.95495605,73.13817596,3.667726755,0,,875.52,1094.4,1313.28,,,,,,,,,,,,,,,,,,,,,
2015,4,29,18,0,57,89,72,45,457,119,4,8.973016357,19.18374023,935.8374023,85.59307861,80.6931896,15.94654179,72.04109192,3.410109043,0,,512.64,640.8,768.96,,,,,,,,,,,,,,,,,,,,,
2015,4,29,18,30,14,0,14,18,146,24,4,10.26955566,19.03414307,935.892334,87.52539825,87.55921104,15.95125103,72.04109192,3.37635088,4,,0,0,0,,,,,,,,,,,,,,,,,,,,,
2015,4,29,19,0,0,0,0,0,0,0,4,11.56246338,18.88457642,935.9473267,89.48760986,94.35178379,15.95596027,70.70258331,3.342592478,0,,0,0,0,,,,,,,,,,,,,,,,,,,,,
2015,4,29,19,30,0,0,0,0,0,0,4,11.5083252,18.91793213,936.076355,89.36843872,101.0430428,15.97207451,70.70258331,3.361520529,0,,0,0,0,,,,,,,,,,,,,,,,,,,,,
2015,4,29,20,0,0,0,0,0,0,0,4,11.45403442,18.95131836,936.2053833,89.24926758,107.6061774,15.98818874,70.67965698,3.38044858,0,,0,0,0,,,,,,,,,,,,,,,,,,,,,
2015,4,29,20,30,0,0,0,0,0,0,4,12.11712036,18.94182739,936.296875,90.17608643,114.0014759,16.01622581,70.67965698,3.274251699,0,,0,0,0,,,,,,,,,,,,,,,,,,,,,
2015,4,29,21,0,0,0,0,0,0,0,3,12.77596436,18.93233643,936.3884277,91.10437775,120.1737572,16.04426193,70.89208984,3.168054819,0,,0,0,0,,,,,,,,,,,,,,,,,,,,,
2015,4,29,21,30,0,0,0,0,0,0,4,12.85842285,18.96914063,936.4207764,91.16925812,126.0452222,16.14144707,70.89208984,3.155676842,0,,0,0,0,,,,,,,,,,,,,,,,,,,,,
2015,4,29,22,0,0,0,0,0,0,0,3,12.94048462,19.00594482,936.453125,91.23345947,131.5053962,16.23863411,72.95960999,3.143299103,0,,0,0,0,,,,,,,,,,,,,,,,,,,,,
2015,4,29,22,30,0,0,0,0,0,0,3,12.37203369,18.93474731,936.2874756,90.53907776,136.3985244,16.31053734,72.95960999,3.19090867,0,,0,0,0,,,,,,,,,,,,,,,,,,,,,
2015,4,29,23,0,0,0,0,0,0,0,3,11.79607544,18.8635498,936.1217651,89.83773804,140.5124224,16.38243866,74.94719696,3.238518238,0,,0,0,0,,,,,,,,,,,,,,,,,,,,,
2015,4,29,23,30,0,0,0,0,0,0,3,12.31209717,18.80715332,935.9587402,90.628685,143.5814073,16.69456482,74.94719696,3.209890842,0,,0,0,0,,,,,,,,,,,,,,,,,,,,,
,,,,,3.678,1.554,4.9415,1.081,10.0405,8.2345,4,,18.0744873,936.1168798,83.93529987,,15.64065951,70.01182699,3.832338368,,,8.95104,11.1888,13.42656,,,,,,,,,,,,,,,,,,,,,
,,,,,,,,,,,,,23.08617554,,,,,,,,,MIN POWER  (kWh / day),MEAN POWER  (kWh / day),MAX POWER  (kWh / day),,,,,,,,,,,,,,,,,,,,,
